userUUID,daysSinceFirstTrip,deviceOS,totalTrips
user-5,7,ios,19
user-10,5,macos,118
user-11,8,windows,88
user-12,3,windows,66
user-16,2,android,114
user-18,4,android,6
user-19,8,windows,199
user-25,7,ios,155
user-26,1,macos,154
user-32,6,android,193
user-41,2,macos,6
user-43,0,macos,13
user-45,7,windows,135
user-52,3,macos,77
user-53,2,android,4
user-54,5,macos,137
user-56,2,ios,166
user-71,9,windows,158
user-72,6,ios,185
user-78,9,ios,190
user-83,9,windows,22
user-89,4,android,77
user-90,3,ios,71
user-91,10,macos,97
user-95,2,windows,111
user-98,3,ios,115
user-100,10,android,170
user-101,1,android,165
user-103,5,windows,104
user-108,3,android,162
user-110,10,windows,156
user-120,8,ios,37
user-131,3,android,134
user-134,10,macos,181
user-146,4,windows,32
user-160,7,windows,75
user-161,9,macos,190
user-162,6,macos,86
user-166,9,android,90
user-172,1,windows,153
user-185,7,macos,7
user-186,3,windows,104
user-189,9,android,109
user-196,2,android,113
user-210,3,windows,138
user-215,4,macos,194
user-216,9,windows,154
user-217,8,ios,178
user-218,11,android,197
user-224,12,macos,169
user-225,9,macos,53
user-226,4,macos,48
user-227,2,android,39
user-228,8,ios,132
user-229,9,windows,101
user-234,7,windows,110
user-235,11,ios,109
user-236,11,macos,70
user-240,2,macos,60
user-248,5,ios,104
user-250,11,windows,119
user-254,6,android,179
user-255,10,android,153
user-260,9,macos,76
user-261,4,macos,143
user-271,8,windows,26
user-279,10,ios,95
user-281,9,macos,31
user-284,8,ios,15
user-285,2,android,36
user-286,6,ios,4
user-291,9,macos,39
user-295,8,android,103
user-298,3,macos,44
user-301,11,ios,184
user-303,3,ios,11
user-313,6,android,166
user-316,8,macos,100
user-317,4,android,120
user-319,10,windows,153
user-323,10,windows,108
user-324,11,windows,127
user-327,13,macos,6
user-335,12,macos,184
user-344,10,android,82
user-345,11,windows,34
user-346,9,windows,66
user-350,6,ios,68
user-354,6,macos,105
user-362,5,ios,116
user-365,12,windows,118
user-372,4,android,132
user-374,4,android,9
user-377,11,macos,32
user-380,8,windows,64
user-381,7,ios,126
user-389,3,ios,68
user-393,8,ios,165
user-395,8,windows,33
user-398,5,ios,59
user-401,13,macos,150
user-409,10,android,93
user-410,9,ios,11
user-416,4,android,195
user-418,8,windows,105
user-421,5,macos,105
user-422,14,windows,22
user-427,5,windows,8
user-429,5,ios,27
user-453,10,macos,106
user-454,12,macos,58
user-456,12,macos,49
user-459,6,ios,63
user-461,14,android,16
user-462,4,macos,117
user-465,7,windows,106
user-466,5,windows,25
user-469,5,ios,84
user-477,4,windows,150
user-482,10,windows,154
user-492,12,ios,42
user-494,4,windows,156
user-497,8,macos,59
user-499,11,android,30
user-507,11,windows,144
user-509,6,ios,192
user-511,15,macos,48
user-513,9,macos,50
user-516,5,macos,7
user-517,6,macos,118
user-532,15,ios,71
user-536,12,ios,163
user-538,8,macos,34
user-540,5,windows,60
user-541,8,ios,22
user-544,15,ios,121
user-548,14,windows,72
user-551,14,ios,31
user-564,15,android,130
user-566,14,windows,94
user-567,15,android,169
user-568,10,ios,8
user-569,7,android,75
user-572,7,android,78
user-577,6,windows,94
user-578,10,windows,164
user-579,9,macos,140
user-585,11,windows,30
user-586,11,windows,95
user-587,12,ios,70
user-595,5,ios,128
user-598,8,ios,121
user-607,9,windows,47
user-613,14,windows,70
user-627,7,macos,91
user-628,8,ios,55
user-634,12,android,52
user-641,12,macos,162
user-644,15,ios,27
user-649,7,android,45
user-651,12,android,119
user-665,6,macos,105
user-666,16,macos,68
user-673,14,macos,96
user-677,6,macos,115
user-682,9,macos,118
user-684,8,windows,162
user-688,13,ios,36
user-691,12,macos,29
user-692,15,ios,28
user-693,9,macos,38
user-699,8,ios,163
user-700,12,android,169
user-707,8,ios,69
user-708,10,ios,16
user-709,7,macos,107
user-715,14,windows,108
user-729,7,windows,37
user-733,10,macos,146
user-736,9,ios,37
user-739,9,android,98
user-740,15,windows,41
user-742,15,android,102
user-743,16,windows,50
user-744,8,ios,187
user-749,10,macos,19
user-757,10,windows,160
user-760,7,android,58
user-763,7,android,167
user-764,14,android,140
user-770,14,windows,30
user-779,12,ios,129
user-781,8,macos,171
user-787,16,android,55
user-790,11,macos,58
user-792,16,windows,84
user-801,11,macos,18
user-802,10,windows,43
user-807,13,macos,23
user-811,12,windows,138
user-813,10,android,26
user-815,14,windows,184
user-816,14,windows,115
user-817,8,macos,56
user-819,11,android,189
user-824,13,windows,124
user-833,18,macos,149
user-835,12,ios,115
user-836,13,android,180
user-838,17,windows,88
user-846,18,windows,191
user-851,10,windows,20
user-854,18,macos,125
user-869,17,ios,192
user-873,14,android,140
user-874,10,android,26
user-876,17,windows,85
user-883,13,android,27
user-887,14,android,115
user-889,16,macos,42
user-890,14,windows,81
user-892,17,macos,179
user-894,14,android,123
user-898,18,macos,146
user-900,10,macos,89
user-906,15,android,115
user-913,13,windows,4
user-914,9,ios,189
user-918,17,windows,1
user-920,13,windows,105
user-930,11,ios,27
user-936,18,android,53
user-938,10,ios,154
user-941,13,windows,2
user-943,10,ios,147
user-944,13,android,51
user-945,13,android,85
user-946,13,android,67
user-952,12,macos,79
user-953,16,android,83
user-957,13,ios,120
user-960,11,macos,131
user-964,17,windows,50
user-967,18,ios,170
user-968,17,macos,163
user-971,17,macos,26
user-973,12,windows,93
user-977,16,macos,105
user-979,12,windows,4
user-980,11,windows,120
user-981,9,ios,62
user-983,11,ios,146
user-985,18,ios,82
user-990,13,ios,146
user-994,12,android,116
user-996,10,windows,76
user-997,19,android,154
user-999,14,windows,151
user-1001,18,windows,8
user-1005,15,ios,41
user-1008,14,windows,1
user-1017,10,ios,79
user-1029,20,ios,54
user-1030,16,windows,156
user-1041,10,windows,33
user-1046,20,windows,66
user-1047,14,ios,85
user-1053,12,windows,2
user-1054,20,windows,76
user-1055,17,windows,65
user-1058,13,ios,173
user-1062,16,ios,31
user-1069,12,ios,68
user-1083,15,macos,34
user-1087,15,ios,8
user-1089,12,windows,166
user-1095,16,windows,129
user-1097,18,android,107
user-1100,20,macos,133
user-1114,17,android,173
user-1123,21,macos,91
user-1124,11,ios,98
user-1125,15,macos,174
user-1126,16,macos,92
user-1127,11,windows,134
user-1129,12,ios,127
user-1134,13,ios,97
user-1137,21,windows,98
user-1139,16,windows,121
user-1145,18,android,140
user-1149,21,windows,48
user-1150,18,android,142
user-1151,20,macos,29
user-1155,21,windows,175
user-1162,19,ios,110
user-1163,13,ios,73
user-1171,16,ios,157
user-1172,16,android,15
user-1173,11,windows,108
user-1177,18,windows,111
user-1178,16,macos,44
user-1187,16,macos,43
user-1189,19,ios,158
user-1193,12,android,18
user-1197,20,android,118
user-1200,13,android,13
user-1205,15,android,67
user-1206,18,windows,70
user-1207,18,windows,145
user-1208,22,ios,178
user-1209,20,macos,95
user-1213,20,ios,108
user-1215,21,macos,145
user-1217,20,windows,63
user-1225,17,macos,43
user-1227,12,ios,141
user-1235,22,windows,178
user-1241,19,android,40
user-1243,16,windows,80
user-1245,19,macos,82
user-1248,19,windows,3
user-1250,12,ios,157
user-1252,12,windows,46
user-1257,22,macos,165
user-1265,14,windows,42
user-1266,15,macos,52
user-1269,14,windows,51
user-1273,18,android,42
user-1274,21,windows,187
user-1275,17,macos,92
user-1280,18,windows,166
user-1287,14,android,28
user-1291,15,macos,98
user-1293,15,macos,124
user-1303,23,macos,119
user-1310,20,windows,18
user-1311,20,macos,139
user-1315,19,android,110
user-1319,15,android,23
user-1321,19,windows,135
user-1325,22,android,15
user-1326,15,macos,17
user-1334,22,ios,149
user-1338,16,macos,20
user-1340,16,android,33
user-1343,20,android,137
user-1348,18,windows,48
user-1349,17,ios,69
user-1352,20,macos,46
user-1353,15,macos,114
user-1357,14,windows,59
user-1362,15,android,31
user-1364,20,android,160
user-1368,17,android,20
user-1376,22,ios,150
user-1380,21,android,34
user-1384,18,android,70
user-1386,21,macos,114
user-1387,19,ios,144
user-1389,15,macos,100
user-1397,16,android,118
user-1398,16,ios,83
user-1400,14,ios,81
user-1404,24,android,65
user-1405,20,ios,140
user-1410,21,macos,13
user-1411,21,android,160
user-1417,16,android,66
user-1418,22,android,54
user-1429,19,windows,81
user-1431,18,ios,53
user-1432,17,android,69
user-1437,17,macos,158
user-1438,18,android,110
user-1441,18,windows,162
user-1442,22,windows,109
user-1446,20,macos,178
user-1448,23,ios,41
user-1449,18,ios,109
user-1450,14,macos,7
user-1453,24,android,169
user-1456,17,android,167
user-1463,16,windows,162
user-1466,21,android,93
user-1467,20,macos,171
user-1472,16,android,112
user-1475,16,windows,109
user-1476,23,android,109
user-1479,16,android,52
user-1480,19,windows,68
user-1482,20,macos,179
user-1497,17,android,154
user-1499,14,ios,116
user-1511,19,ios,156
user-1512,19,android,142
user-1514,17,windows,84
user-1515,22,ios,94
user-1520,18,android,41
user-1524,18,macos,19
user-1530,19,android,85
user-1539,23,ios,50
user-1540,21,android,79
user-1542,24,ios,154
user-1543,20,windows,77
user-1547,17,android,101
user-1551,17,windows,154
user-1552,15,ios,95
user-1556,15,ios,129
user-1559,21,windows,97
user-1565,19,ios,174
user-1572,22,android,121
user-1579,16,ios,31
user-1581,23,macos,50
user-1583,23,ios,98
user-1589,16,windows,116
user-1592,24,ios,153
user-1597,15,macos,75
user-1598,15,windows,133
user-1599,22,ios,129
user-1600,20,windows,165
user-1603,24,ios,40
user-1608,23,windows,144
user-1610,19,ios,54
user-1612,24,ios,36
user-1619,25,windows,104
user-1626,26,ios,104
user-1627,20,android,111
user-1634,16,android,180
user-1641,24,android,143
user-1644,24,macos,85
user-1645,24,android,123
user-1647,17,windows,161
user-1648,19,macos,101
user-1653,21,android,22
user-1654,21,windows,152
user-1657,24,windows,108
user-1660,24,macos,173
user-1667,22,macos,88
user-1680,23,macos,161
user-1681,23,macos,146
user-1685,19,macos,44
user-1708,20,android,90
user-1712,19,android,135
user-1713,24,macos,100
user-1720,22,macos,175
user-1732,17,macos,160
user-1737,21,android,38
user-1743,19,ios,48
user-1745,23,android,75
user-1746,20,windows,171
user-1747,17,android,36
user-1748,18,ios,54
user-1749,22,android,44
user-1757,22,macos,107
user-1770,25,android,21
user-1773,26,windows,159
user-1776,26,ios,28
user-1777,20,android,36
user-1778,25,ios,112
user-1781,21,windows,4
user-1790,25,windows,72
user-1791,24,windows,81
user-1794,23,windows,108
user-1797,25,windows,41
user-1800,22,windows,22
user-1809,27,android,60
user-1816,23,ios,20
user-1818,22,ios,49
user-1825,28,ios,102
user-1826,18,android,152
user-1828,27,macos,16
user-1831,23,windows,26
user-1837,27,ios,21
user-1841,24,ios,99
user-1845,28,android,142
user-1846,20,android,11
user-1847,28,macos,15
user-1848,27,windows,174
user-1851,20,android,96
user-1856,25,windows,149
user-1857,28,windows,148
user-1861,21,android,72
user-1863,21,android,93
user-1865,27,android,35
user-1876,25,ios,11
user-1877,18,ios,116
user-1881,21,macos,83
user-1891,23,macos,26
user-1893,28,windows,41
user-1900,28,macos,95
user-1906,29,macos,105
user-1911,20,android,7
user-1913,28,ios,29
user-1917,28,ios,66
user-1929,29,android,115
user-1930,25,android,25
user-1931,28,ios,63
user-1933,26,ios,117
user-1938,24,android,154
user-1948,29,windows,25
user-1958,23,android,112
user-1960,24,android,164
user-1961,23,windows,111
user-1965,26,android,139
user-1968,24,ios,165
user-1970,27,windows,33
user-1973,28,android,181
user-1975,26,windows,33
user-1976,25,android,82
user-1977,24,ios,137
user-1982,20,macos,102
user-1983,25,android,123
user-1987,26,macos,113
user-1991,29,macos,87
user-1992,27,macos,22
user-1993,20,android,115
user-1995,19,windows,84
user-1996,25,macos,99
user-1997,21,ios,57
user-1998,24,ios,82
user-2000,30,windows,26
user-2001,22,windows,25
user-2003,29,windows,171
user-2007,27,android,155
user-2009,21,windows,69
user-2015,26,windows,5
user-2016,29,ios,145
user-2019,21,windows,90
user-2032,28,windows,104
user-2037,22,windows,97
user-2043,30,macos,5
user-2052,24,android,155
user-2054,26,windows,149
user-2055,28,windows,134
user-2056,29,windows,163
user-2057,22,android,45
user-2062,27,android,88
user-2065,24,windows,56
user-2066,27,ios,90
user-2072,26,windows,67
user-2074,23,macos,66
user-2077,24,ios,170
user-2079,20,windows,78
user-2081,30,ios,49
user-2090,20,macos,54
user-2091,30,ios,135
user-2099,23,windows,73
user-2101,21,macos,41
user-2105,27,android,151
user-2106,28,android,152
user-2107,25,android,84
user-2109,24,windows,133
user-2112,30,macos,156
user-2114,27,macos,161
user-2115,30,android,43
user-2122,28,windows,93
user-2125,28,android,153
user-2126,24,ios,82
user-2128,21,ios,58
user-2131,31,ios,124
user-2138,25,windows,158
user-2140,22,windows,168
user-2142,25,macos,67
user-2145,27,ios,60
user-2155,24,windows,149
user-2158,22,windows,11
user-2165,29,windows,48
user-2170,29,ios,18
user-2175,21,macos,125
user-2176,31,ios,135
user-2178,21,ios,65
user-2179,26,ios,54
user-2180,28,macos,20
user-2181,27,android,100
user-2184,22,android,56
user-2191,27,ios,34
user-2200,23,android,70
user-2204,25,android,54
user-2206,26,android,156
user-2211,32,android,119
user-2214,32,macos,92
user-2218,30,macos,52
user-2222,26,macos,20
user-2225,25,android,84
user-2229,23,windows,178
user-2238,31,macos,141
user-2246,23,windows,116
user-2250,32,macos,167
user-2251,24,windows,78
user-2252,30,ios,120
user-2258,26,windows,108
user-2262,29,macos,110
user-2274,23,windows,65
user-2276,32,ios,101
user-2279,32,android,20
user-2282,23,android,27
user-2284,22,macos,87
user-2290,25,android,117
user-2291,28,ios,161
user-2303,30,windows,125
user-2304,25,macos,100
user-2306,30,android,41
user-2316,33,android,176
user-2317,23,macos,145
user-2318,24,android,177
user-2321,27,ios,41
user-2329,33,ios,59
user-2336,32,windows,134
user-2341,25,windows,162
user-2342,23,macos,121
user-2348,32,android,12
user-2349,26,windows,126
user-2353,26,android,105
user-2358,25,ios,16
user-2361,32,macos,51
user-2362,27,ios,72
user-2363,28,android,93
user-2366,27,ios,83
user-2367,31,android,119
user-2373,24,android,32
user-2374,23,windows,141
user-2378,27,ios,70
user-2381,29,ios,133
user-2383,23,windows,84
user-2385,29,ios,105
user-2387,25,android,65
user-2388,23,macos,97
user-2393,26,macos,34
user-2405,27,android,56
user-2406,24,macos,41
user-2408,24,android,29
user-2411,34,ios,13
user-2413,32,android,149
user-2429,34,macos,125
user-2438,28,windows,95
user-2441,26,android,24
user-2447,27,macos,130
user-2450,25,android,105
user-2451,32,ios,41
user-2455,29,android,141
user-2459,25,ios,39
user-2461,25,windows,33
user-2462,32,windows,136
user-2463,32,windows,37
user-2468,31,android,68
user-2469,27,ios,115
user-2473,30,android,33
user-2483,25,ios,57
user-2484,28,android,101
user-2488,27,android,104
user-2491,25,android,10
user-2503,35,ios,159
user-2504,29,android,67
user-2505,25,android,67
user-2508,33,macos,130
user-2510,35,android,2
user-2511,28,windows,65
user-2515,32,android,78
user-2516,29,ios,66
user-2518,31,android,134
user-2523,32,ios,109
user-2531,28,android,160
user-2535,26,windows,173
user-2538,32,ios,9
user-2548,25,windows,61
user-2550,34,macos,140
user-2556,30,android,114
user-2558,30,ios,146
user-2562,30,macos,138
user-2566,32,macos,90
user-2567,32,windows,78
user-2568,29,android,67
user-2569,32,android,92
user-2574,34,windows,123
user-2575,28,ios,86
user-2593,25,android,98
user-2598,26,windows,145
user-2600,31,ios,126
user-2603,26,ios,40
user-2612,30,android,24
user-2613,30,macos,158
user-2614,34,macos,121
user-2615,32,ios,173
user-2617,34,macos,56
user-2618,36,windows,61
user-2621,35,windows,138
user-2622,27,windows,90
user-2624,33,windows,151
user-2630,27,macos,129
user-2631,34,android,65
user-2632,29,android,104
user-2641,34,macos,92
user-2643,28,windows,51
user-2646,27,macos,83
user-2650,35,windows,104
user-2651,33,ios,121
user-2657,35,ios,38
user-2663,35,macos,35
user-2668,30,macos,16
user-2670,32,windows,23
user-2672,35,ios,4
user-2674,30,macos,96
user-2675,35,ios,116
user-2683,30,android,141
user-2685,29,ios,117
user-2689,31,macos,10
user-2701,37,macos,6
user-2702,33,windows,76
user-2704,31,macos,86
user-2705,29,android,95
user-2706,29,android,60
user-2712,27,windows,12
user-2714,35,windows,120
user-2717,37,ios,94
user-2719,33,ios,102
user-2722,33,android,60
user-2729,32,macos,36
user-2733,34,windows,154
user-2741,36,windows,60
user-2743,32,macos,142
user-2747,27,windows,60
user-2748,34,ios,149
user-2749,30,windows,38
user-2752,31,macos,158
user-2754,37,macos,117
user-2765,36,android,75
user-2766,28,windows,101
user-2771,30,macos,140
user-2773,36,ios,170
user-2774,28,windows,163
user-2776,32,macos,85
user-2780,34,ios,117
user-2781,27,macos,31
user-2787,31,android,117
user-2803,30,ios,113
user-2809,37,macos,32
user-2811,29,macos,80
user-2814,32,ios,114
user-2818,34,windows,88
user-2819,36,windows,129
user-2821,31,windows,141
user-2823,32,android,110
user-2825,33,windows,130
user-2826,30,android,166
user-2839,34,ios,80
user-2840,31,windows,122
user-2841,34,windows,161
user-2848,32,windows,53
user-2851,37,macos,103
user-2854,33,macos,139
user-2857,36,macos,81
user-2861,38,ios,96
user-2863,38,macos,156
user-2868,32,android,114
user-2872,38,windows,50
user-2875,31,windows,80
user-2876,31,ios,37
user-2877,31,windows,91
user-2881,35,ios,125
user-2883,30,ios,116
user-2891,37,ios,34
user-2896,35,windows,66
user-2898,32,android,116
user-2899,33,ios,7
user-2905,37,windows,49
user-2906,39,macos,63
user-2915,30,ios,52
user-2918,30,ios,44
user-2920,29,android,117
user-2921,29,ios,127
user-2923,31,android,157
user-2930,33,ios,152
user-2933,30,ios,28
user-2937,33,ios,77
user-2945,30,android,11
user-2946,31,macos,93
user-2950,39,ios,67
user-2957,33,macos,135
user-2964,36,android,76
user-2965,37,android,40
user-2969,31,android,122
user-2970,35,macos,143
user-2979,30,android,77
user-2982,29,ios,137
user-2985,37,android,121
user-2990,34,ios,85
user-2993,30,macos,19
user-2995,34,windows,68
user-2996,29,ios,147
user-2997,32,ios,128
user-3008,39,ios,54
user-3009,32,ios,6
user-3017,35,macos,120
user-3027,40,windows,77
user-3030,31,ios,31
user-3034,39,windows,102
user-3040,40,windows,89
user-3042,40,windows,165
user-3045,40,android,91
user-3050,40,ios,136
user-3054,32,macos,104
user-3055,32,android,31
user-3074,31,macos,19
user-3077,31,macos,88
user-3080,33,android,106
user-3081,31,macos,62
user-3082,32,android,67
user-3085,40,windows,103
user-3086,32,android,20
user-3090,39,windows,9
user-3095,35,macos,97
user-3096,36,android,31
user-3104,38,android,158
user-3105,39,macos,54
user-3109,33,android,140
user-3110,40,macos,103
user-3112,41,windows,107
user-3115,33,android,72
user-3121,34,ios,25
user-3123,34,android,137
user-3126,41,ios,1
user-3134,34,windows,100
user-3135,36,macos,168
user-3136,34,ios,139
user-3147,33,windows,26
user-3151,34,macos,151
user-3154,32,android,158
user-3161,34,macos,152
user-3162,34,ios,32
user-3164,35,android,71
user-3168,34,android,64
user-3170,35,ios,49
user-3173,39,macos,15
user-3176,36,android,137
user-3177,31,macos,121
user-3186,40,android,114
user-3187,39,macos,63
user-3191,31,macos,42
user-3192,31,macos,19
user-3202,37,android,36
user-3203,42,macos,47
user-3204,40,ios,97
user-3209,40,ios,61
user-3211,32,ios,24
user-3225,42,ios,146
user-3230,34,macos,41
user-3236,34,windows,126
user-3242,32,android,132
user-3251,33,macos,133
user-3252,38,windows,101
user-3254,32,android,107
user-3261,38,windows,24
user-3265,37,macos,47
user-3271,33,macos,135
user-3273,40,ios,122
user-3276,32,macos,6
user-3281,37,macos,40
user-3287,35,macos,64
user-3292,32,ios,26
user-3296,41,windows,31
user-3297,37,macos,39
user-3304,33,android,41
user-3310,41,windows,135
user-3312,36,macos,111
user-3316,38,windows,158
user-3318,40,macos,155
user-3326,35,android,159
user-3332,43,windows,2
user-3333,37,macos,91
user-3340,39,android,22
user-3347,40,ios,10
user-3349,35,windows,148
user-3353,34,windows,123
user-3354,33,ios,147
user-3355,38,windows,159
user-3358,34,windows,23
user-3365,39,windows,84
user-3368,40,windows,48
user-3369,41,windows,163
user-3379,43,windows,92
user-3384,35,macos,150
user-3385,43,windows,139
user-3387,38,macos,165
user-3389,33,ios,37
user-3391,38,macos,102
user-3392,43,ios,2
user-3393,35,windows,131
user-3402,44,android,120
user-3405,44,macos,111
user-3407,34,windows,62
user-3418,41,windows,62
user-3419,41,ios,21
user-3424,34,windows,3
user-3430,34,windows,164
user-3433,35,ios,67
user-3436,43,android,164
user-3454,34,android,49
user-3465,42,ios,145
user-3469,42,android,26
user-3472,43,ios,10
user-3477,38,macos,65
user-3489,34,macos,110
user-3490,39,macos,89
user-3491,44,ios,93
user-3505,42,windows,97
user-3506,39,android,150
user-3507,42,android,128
user-3511,44,macos,62
user-3516,43,android,42
user-3518,37,android,89
user-3525,35,android,27
user-3541,36,android,84
user-3542,38,macos,32
user-3552,36,android,19
user-3555,40,macos,162
user-3558,36,ios,93
user-3560,45,android,126
user-3566,43,ios,160
user-3567,44,android,105
user-3572,38,android,38
user-3575,44,macos,92
user-3576,43,macos,19
user-3579,37,android,158
user-3583,37,windows,133
user-3590,42,macos,77
user-3592,45,windows,105
user-3595,38,ios,58
user-3599,44,macos,62
user-3601,39,android,125
user-3604,43,android,119
user-3610,41,android,43
user-3614,38,macos,120
user-3617,41,ios,41
user-3620,43,ios,15
user-3621,43,android,95
user-3623,44,windows,78
user-3627,44,android,73
user-3636,44,macos,129
user-3640,44,android,164
user-3644,40,android,35
user-3646,45,macos,98
user-3654,40,android,149
user-3660,37,macos,93
user-3661,46,android,70
user-3663,40,windows,18
user-3665,39,macos,155
user-3671,38,ios,138
user-3672,39,android,9
user-3677,44,macos,82
user-3680,37,android,134
user-3682,42,android,87
user-3684,36,macos,45
user-3688,42,ios,55
user-3689,45,ios,98
user-3691,44,windows,18
user-3698,40,android,159
user-3701,43,windows,160
user-3704,46,android,114
user-3706,44,ios,108
user-3707,46,android,69
user-3708,45,ios,65
user-3709,38,macos,3
user-3710,44,android,48
user-3719,44,macos,40
user-3724,38,ios,78
user-3728,38,windows,7
user-3729,39,android,4
user-3733,43,macos,153
user-3734,41,android,133
user-3735,37,windows,9
user-3737,46,ios,111
user-3741,45,ios,69
user-3748,40,android,11
user-3750,44,macos,12
user-3757,47,macos,25
user-3763,38,macos,120
user-3768,42,windows,31
user-3769,38,ios,128
user-3774,37,macos,73
user-3775,40,ios,31
user-3783,45,ios,1
user-3785,41,android,135
user-3790,39,macos,83
user-3795,42,ios,153
user-3797,41,android,69
user-3799,38,ios,100
user-3800,47,windows,109
user-3802,40,ios,62
user-3805,46,ios,65
user-3806,44,windows,157
user-3808,47,android,26
user-3809,43,windows,139
user-3810,47,android,38
user-3813,39,windows,68
user-3816,44,android,52
user-3818,44,macos,89
user-3824,42,windows,69
user-3827,47,ios,26
user-3830,40,ios,93
user-3834,40,windows,58
user-3836,46,android,39
user-3837,40,ios,65
user-3842,40,android,110
user-3847,38,macos,25
user-3855,44,macos,71
user-3856,41,windows,2
user-3863,43,macos,98
user-3868,40,windows,36
user-3874,47,windows,126
user-3879,48,windows,132
user-3880,38,macos,110
user-3881,45,macos,106
user-3883,38,ios,54
user-3888,44,android,156
user-3892,41,windows,42
user-3893,48,android,115
user-3901,45,ios,97
user-3903,46,macos,128
user-3904,47,windows,151
user-3909,49,macos,137
user-3914,45,macos,50
user-3925,46,ios,131
user-3927,49,macos,42
user-3931,41,macos,126
user-3936,49,android,69
user-3939,39,android,51
user-3944,44,ios,148
user-3946,44,windows,152
user-3948,43,windows,92
user-3951,43,ios,120
user-3953,40,android,80
user-3956,41,android,4
user-3961,39,windows,78
user-3962,43,android,75
user-3964,48,windows,138
user-3969,47,windows,98
user-3972,44,android,12
user-3973,47,macos,140
user-3980,44,macos,148
user-3984,43,android,159
user-3985,47,macos,21
user-3998,44,windows,9
user-4007,41,windows,107
user-4037,41,macos,67
user-4040,44,windows,9
user-4043,41,macos,85
user-4048,48,ios,94
user-4052,48,android,86
user-4055,49,macos,149
user-4056,42,android,81
user-4059,43,android,43
user-4078,43,ios,18
user-4081,48,macos,150
user-4082,43,android,132
user-4088,50,windows,6
user-4089,50,ios,140
user-4090,46,windows,92
user-4092,46,macos,16
user-4094,47,ios,144
user-4100,46,ios,132
user-4104,42,android,134
user-4112,41,macos,33
user-4115,47,macos,50
user-4121,45,ios,118
user-4125,45,macos,98
user-4128,44,ios,73
user-4130,41,ios,8
user-4134,49,windows,101
user-4138,48,ios,159
user-4141,47,ios,45
user-4142,47,macos,143
user-4145,50,android,146
user-4146,47,android,24
user-4147,41,windows,77
user-4148,50,windows,126
user-4152,51,macos,24
user-4154,46,windows,128
user-4163,44,ios,131
user-4166,42,macos,4
user-4168,41,windows,62
user-4182,49,macos,4
user-4184,51,ios,11
user-4190,47,macos,156
user-4198,42,windows,65
user-4200,49,android,120
user-4201,51,ios,126
user-4202,44,windows,152
user-4206,51,android,25
user-4208,51,windows,72
user-4210,43,android,53
user-4212,52,ios,150
user-4226,49,windows,133
user-4229,45,macos,79
user-4232,44,android,157
user-4235,48,windows,49
user-4236,49,windows,131
user-4259,51,android,21
user-4263,47,macos,125
user-4269,51,windows,105
user-4270,45,macos,101
user-4273,44,macos,113
user-4275,49,android,110
user-4277,47,macos,38
user-4281,45,macos,137
user-4282,52,android,97
user-4289,49,ios,95
user-4290,46,android,59
user-4293,49,android,56
user-4295,50,ios,153
user-4298,47,windows,1
user-4299,52,windows,143
user-4305,48,macos,104
user-4308,50,android,39
user-4309,46,android,117
user-4310,48,windows,3
user-4314,48,windows,11
user-4325,51,ios,135
user-4329,47,ios,54
user-4332,49,ios,106
user-4333,48,android,133
user-4334,45,android,154
user-4338,49,windows,133
user-4355,52,windows,29
user-4358,51,windows,5
user-4359,49,android,67
user-4365,49,android,33
user-4366,51,ios,31
user-4367,51,ios,144
user-4372,43,ios,98
user-4375,50,android,95
user-4377,51,ios,129
user-4382,45,macos,60
user-4393,45,android,3
user-4394,53,macos,71
user-4401,53,windows,39
user-4402,48,ios,61
user-4409,49,macos,15
user-4410,48,ios,45
user-4427,48,android,54
user-4431,47,android,22
user-4457,44,android,111
user-4460,52,android,96
user-4465,45,macos,70
user-4467,44,ios,89
user-4471,52,android,88
user-4473,53,windows,53
user-4480,44,android,128
user-4482,44,ios,78
user-4483,54,android,114
user-4485,53,windows,33
user-4491,45,windows,19
user-4493,49,windows,5
user-4499,54,windows,10
user-4500,45,windows,12
user-4505,55,macos,138
user-4507,49,windows,106
user-4512,45,macos,35
user-4514,47,ios,31
user-4519,48,ios,10
user-4520,45,android,140
user-4521,46,windows,97
user-4526,45,android,83
user-4531,52,windows,74
user-4535,54,android,6
user-4536,49,ios,15
user-4539,52,android,14
user-4566,45,macos,146
user-4568,49,ios,116
user-4569,52,macos,109
user-4574,52,ios,60
user-4580,52,windows,135
user-4587,48,ios,146
user-4592,53,ios,64
user-4593,50,macos,15
user-4594,49,ios,57
user-4595,49,ios,150
user-4596,55,android,60
user-4599,50,ios,77
user-4617,54,macos,65
user-4620,52,android,49
user-4625,49,ios,1
user-4630,50,ios,96
user-4638,52,macos,129
user-4639,52,macos,67
user-4640,55,macos,61
user-4648,48,android,84
user-4649,47,macos,7
user-4651,52,windows,92
user-4654,53,windows,48
user-4657,56,android,60
user-4658,47,android,1
user-4659,56,ios,102
user-4662,48,android,134
user-4670,56,android,20
user-4671,51,android,20
user-4674,49,android,78
user-4681,49,android,136
user-4688,46,macos,15
user-4689,56,macos,75
user-4690,53,android,16
user-4692,56,ios,51
user-4703,55,android,127
user-4714,49,ios,86
user-4715,51,windows,47
user-4721,48,android,13
user-4723,54,windows,153
user-4728,52,windows,64
user-4729,47,windows,101
user-4730,51,windows,26
user-4732,51,windows,39
user-4736,57,android,66
user-4740,57,macos,36
user-4744,48,android,70
user-4747,50,windows,45
user-4749,56,ios,84
user-4751,51,ios,85
user-4752,50,android,46
user-4764,51,ios,95
user-4765,56,macos,40
user-4769,56,android,116
user-4776,47,android,24
user-4777,47,macos,83
user-4784,56,windows,69
user-4785,52,android,74
user-4788,47,macos,137
user-4789,57,android,29
user-4790,57,android,15
user-4798,48,macos,119
user-4804,55,macos,104
user-4805,51,ios,38
user-4806,54,macos,98
user-4807,55,ios,21
user-4808,54,macos,3
user-4818,51,ios,152
user-4819,50,android,71
user-4820,52,ios,83
user-4823,52,android,80
user-4827,56,macos,40
user-4828,55,macos,70
user-4841,53,macos,4
user-4842,58,android,114
user-4849,58,android,35
user-4851,58,android,60
user-4853,48,ios,99
user-4858,52,ios,117
user-4860,58,ios,148
user-4861,57,macos,144
user-4875,56,macos,20
user-4876,55,macos,88
user-4878,54,android,148
user-4887,54,android,88
user-4894,49,macos,80
user-4896,57,ios,20
user-4898,57,windows,138
user-4900,49,macos,84
user-4903,56,ios,12
user-4905,52,macos,133
user-4907,55,macos,66
user-4909,50,windows,88
user-4910,56,android,32
user-4913,59,macos,10
user-4915,53,windows,2
user-4917,54,macos,5
user-4920,56,android,80
user-4924,58,windows,117
user-4925,57,android,146
user-4926,49,android,59
user-4928,53,macos,25
user-4931,55,windows,41
user-4935,53,windows,140
user-4939,59,windows,119
user-4941,55,windows,69
user-4942,53,macos,131
user-4945,56,ios,122
user-4948,56,android,26
user-4956,52,ios,123
user-4963,50,windows,111
user-4971,56,macos,95
user-4974,55,ios,93
user-4982,58,windows,107
user-4984,58,macos,26
user-4987,50,android,77
user-4997,55,macos,99
user-4998,51,macos,17
user-4999,57,android,69
user-5002,52,android,31
user-5005,53,windows,127
user-5010,54,macos,13
user-5011,51,macos,93
user-5016,58,android,102
user-5021,53,macos,21
user-5022,57,ios,76
user-5032,53,android,28
user-5039,60,ios,107
user-5041,56,android,26
user-5045,60,android,102
user-5047,51,windows,53
user-5048,56,macos,65
user-5051,54,ios,138
user-5056,56,android,114
user-5059,52,macos,6
user-5065,54,android,108
user-5068,52,ios,61
user-5070,51,android,87
user-5073,51,ios,117
user-5076,53,android,50
user-5080,53,windows,120
user-5083,53,macos,138
user-5089,54,android,20
user-5092,56,windows,110
user-5094,57,macos,130
user-5095,57,windows,119
user-5096,55,android,23
user-5098,52,android,37
user-5099,54,macos,128
user-5106,51,windows,149
user-5111,56,android,95
user-5113,56,windows,4
user-5115,53,android,25
user-5120,56,android,139
user-5125,55,macos,149
user-5126,60,ios,148
user-5138,52,macos,24
user-5142,61,macos,127
user-5145,52,macos,38
user-5146,59,ios,44
user-5150,51,windows,107
user-5154,59,android,78
user-5161,51,android,47
user-5165,61,android,3
user-5168,54,windows,145
user-5177,56,ios,10
user-5184,57,macos,8
user-5187,58,windows,55
user-5196,57,windows,103
user-5199,52,macos,11
user-5200,55,android,62
user-5203,62,ios,98
user-5205,62,ios,6
user-5206,62,macos,48
user-5217,55,android,55
user-5222,56,macos,144
user-5225,59,macos,21
user-5226,62,macos,58
user-5227,56,windows,90
user-5233,60,macos,19
user-5234,53,windows,2
user-5235,62,macos,62
user-5239,58,android,122
user-5240,61,ios,82
user-5242,62,macos,52
user-5243,56,android,143
user-5245,60,windows,148
user-5246,60,android,123
user-5247,59,ios,64
user-5253,53,macos,120
user-5254,58,macos,123
user-5256,56,ios,133
user-5257,56,macos,126
user-5262,55,macos,85
user-5265,58,macos,119
user-5276,59,macos,148
user-5287,57,ios,11
user-5288,55,android,136
user-5297,58,android,4
user-5298,53,macos,33
user-5300,62,windows,92
user-5306,58,ios,17
user-5310,54,windows,46
user-5311,59,android,48
user-5326,56,macos,57
user-5327,59,macos,73
user-5331,53,android,85
user-5335,57,windows,39
user-5337,63,android,78
user-5344,61,windows,58
user-5346,60,android,86
user-5347,56,macos,67
user-5348,53,ios,131
user-5355,54,android,98
user-5359,59,ios,45
user-5369,61,windows,143
user-5378,59,windows,85
user-5383,59,windows,39
user-5384,54,windows,42
user-5392,54,macos,106
user-5393,63,macos,30
user-5394,60,ios,144
user-5398,58,android,94
user-5401,56,macos,85
user-5404,60,windows,34
user-5406,56,windows,124
user-5410,55,android,68
user-5413,55,ios,12
user-5414,56,ios,75
user-5415,62,ios,58
user-5421,61,windows,42
user-5426,61,android,55
user-5427,60,android,97
user-5428,63,windows,129
user-5429,60,macos,6
user-5432,64,ios,30
user-5433,64,android,138
user-5437,58,android,31
user-5442,62,android,32
user-5444,57,macos,71
user-5451,54,macos,73
user-5453,61,ios,114
user-5460,58,android,21
user-5463,58,macos,29
user-5464,63,macos,139
user-5467,58,android,56
user-5468,57,macos,8
user-5470,62,windows,31
user-5472,63,android,14
user-5475,56,macos,54
user-5476,63,windows,107
user-5483,64,macos,50
user-5490,57,macos,52
user-5495,56,windows,131
user-5496,56,windows,125
user-5498,63,ios,96
user-5506,64,windows,26
user-5507,60,windows,56
user-5510,65,windows,132
user-5511,63,windows,69
user-5525,61,macos,116
user-5526,62,ios,34
user-5529,62,macos,8
user-5530,63,macos,86
user-5531,65,windows,54
user-5533,55,android,27
user-5534,58,ios,56
user-5537,64,ios,84
user-5543,58,android,132
user-5546,57,windows,129
user-5556,62,ios,21
user-5560,61,macos,136
user-5563,55,macos,40
user-5571,58,ios,81
user-5573,64,windows,67
user-5577,57,android,42
user-5584,65,android,85
user-5586,59,windows,59
user-5591,61,android,145
user-5596,65,windows,67
user-5598,57,android,68
user-5603,57,ios,57
user-5604,65,android,28
user-5612,59,windows,34
user-5613,60,windows,35
user-5615,62,windows,63
user-5616,65,android,40
user-5617,65,ios,62
user-5618,63,ios,42
user-5619,56,ios,15
user-5620,58,windows,127
user-5621,61,macos,48
user-5623,61,windows,41
user-5630,57,ios,143
user-5634,57,windows,81
user-5640,56,ios,80
user-5641,66,ios,41
user-5642,62,android,129
user-5652,64,android,129
user-5659,61,macos,39
user-5660,62,android,79
user-5667,64,windows,83
user-5668,63,ios,117
user-5669,56,windows,84
user-5676,58,ios,7
user-5681,57,macos,73
user-5682,56,android,24
user-5688,58,macos,47
user-5696,64,android,61
user-5697,65,macos,35
user-5699,63,macos,119
user-5705,59,windows,52
user-5708,63,ios,90
user-5711,57,macos,133
user-5712,62,macos,126
user-5714,60,ios,110
user-5715,59,macos,117
user-5720,62,windows,35
user-5735,64,ios,84
user-5740,60,ios,77
user-5741,59,android,96
user-5746,63,ios,81
user-5749,62,windows,141
user-5755,57,macos,116
user-5756,61,android,83
user-5763,59,ios,25
user-5764,67,ios,49
user-5766,57,windows,18
user-5767,64,macos,102
user-5771,58,ios,72
user-5773,66,macos,83
user-5779,58,ios,95
user-5784,59,ios,98
user-5786,60,ios,95
user-5789,65,ios,96
user-5790,66,macos,45
user-5792,57,ios,71
user-5796,57,ios,39
user-5802,67,android,66
user-5808,67,windows,141
user-5810,64,android,14
user-5814,66,android,83
user-5821,67,android,12
user-5824,58,windows,25
user-5829,68,macos,83
user-5833,68,ios,72
user-5836,63,windows,19
user-5848,60,android,13
user-5850,60,ios,34
user-5851,62,ios,69
user-5864,60,android,51
user-5865,63,windows,132
user-5867,58,android,102
user-5871,68,macos,115
user-5877,62,macos,56
user-5878,64,android,91
user-5880,68,ios,123
user-5890,68,ios,56
user-5894,66,android,89
user-5900,69,ios,53
user-5901,66,windows,118
user-5902,59,ios,59
user-5903,59,ios,33
user-5904,62,macos,78
user-5906,63,windows,50
user-5907,59,macos,33
user-5921,61,android,10
user-5928,59,android,54
user-5929,59,windows,9
user-5931,63,macos,10
user-5932,61,ios,134
user-5934,59,ios,94
user-5935,68,windows,50
user-5937,62,macos,77
user-5938,61,windows,23
user-5942,65,android,86
user-5946,64,macos,132
user-5950,62,windows,51
user-5954,67,ios,4
user-5960,68,android,5
user-5967,69,windows,41
user-5969,67,android,94
user-5972,60,android,81
user-5973,69,macos,73
user-5978,60,windows,52
user-5984,68,android,141
user-5986,60,windows,28
user-5989,60,windows,126
user-5995,64,windows,106
user-5996,67,windows,32
user-5997,69,windows,20
user-5998,63,android,132
user-5999,60,windows,76
user-6001,66,android,42
user-6006,69,android,21
user-6010,65,windows,122
user-6014,62,android,72
user-6015,69,android,9
user-6016,69,android,18
user-6020,67,ios,79
user-6027,67,macos,31
user-6032,60,android,120
user-6037,68,ios,72
user-6046,64,macos,104
user-6054,63,windows,104
user-6056,69,windows,136
user-6057,61,windows,75
user-6058,69,windows,88
user-6059,68,macos,25
user-6066,68,android,13
user-6067,68,macos,40
user-6078,65,ios,42
user-6084,61,ios,20
user-6090,67,ios,131
user-6091,60,android,135
user-6093,63,macos,2
user-6098,62,macos,77
user-6099,64,android,42
user-6106,66,windows,96
user-6111,63,ios,120
user-6112,67,android,21
user-6115,68,macos,23
user-6116,67,android,108
user-6120,61,android,105
user-6133,66,macos,89
user-6135,71,windows,126
user-6138,61,macos,42
user-6139,66,macos,134
user-6142,66,windows,126
user-6156,62,ios,89
user-6157,62,macos,23
user-6160,65,macos,42
user-6161,66,windows,48
user-6164,64,windows,25
user-6169,62,android,40
user-6183,71,macos,93
user-6188,71,ios,36
user-6195,62,windows,1
user-6199,67,macos,11
user-6201,65,windows,12
user-6202,69,macos,45
user-6210,72,windows,103
user-6212,63,windows,13
user-6217,70,windows,102
user-6218,65,ios,137
user-6219,68,android,45
user-6220,62,windows,99
user-6224,70,macos,47
user-6228,66,ios,134
user-6232,72,windows,134
user-6235,62,ios,110
user-6245,62,ios,126
user-6252,62,macos,3
user-6257,70,ios,62
user-6260,64,android,32
user-6275,65,macos,85
user-6276,67,android,114
user-6277,68,android,15
user-6278,65,android,39
user-6280,70,android,96
user-6282,70,android,72
user-6285,68,ios,86
user-6287,70,macos,115
user-6295,71,macos,99
user-6303,67,macos,99
user-6306,73,ios,49
user-6310,71,android,37
user-6314,71,ios,65
user-6323,72,windows,111
user-6324,72,windows,94
user-6330,63,macos,1
user-6333,69,ios,106
user-6339,70,ios,68
user-6341,73,windows,28
user-6344,65,windows,63
user-6355,64,windows,123
user-6362,67,ios,133
user-6367,70,android,63
user-6369,66,android,136
user-6373,68,windows,106
user-6375,64,macos,57
user-6377,69,windows,55
user-6383,70,ios,47
user-6387,63,android,45
user-6389,63,macos,118
user-6401,74,windows,16
user-6402,70,macos,89
user-6406,68,ios,60
user-6410,65,android,30
user-6413,71,android,46
user-6417,72,ios,27
user-6423,74,ios,113
user-6424,70,ios,98
user-6425,66,android,71
user-6429,67,windows,91
user-6431,68,ios,87
user-6432,69,ios,24
user-6433,72,macos,68
user-6435,66,macos,104
user-6437,67,android,69
user-6439,64,android,8
user-6451,67,windows,64
user-6454,66,ios,92
user-6455,70,macos,39
user-6457,72,ios,100
user-6461,67,windows,120
user-6462,66,macos,34
user-6464,68,ios,31
user-6468,70,ios,129
user-6472,67,android,47
user-6477,71,windows,116
user-6480,68,ios,47
user-6481,68,windows,38
user-6491,72,windows,101
user-6492,71,ios,5
user-6495,71,macos,93
user-6497,70,macos,127
user-6500,69,android,9
user-6506,71,windows,26
user-6509,68,android,73
user-6517,68,ios,65
user-6519,72,ios,13
user-6524,74,ios,55
user-6528,67,ios,25
user-6529,65,android,91
user-6534,70,ios,15
user-6539,68,macos,21
user-6540,68,ios,107
user-6550,66,android,45
user-6553,74,ios,107
user-6560,70,macos,73
user-6571,75,android,8
user-6573,69,ios,116
user-6574,67,macos,119
user-6593,67,macos,126
user-6595,74,windows,5
user-6596,65,android,59
user-6607,69,macos,24
user-6617,67,ios,75
user-6634,68,ios,5
user-6638,68,macos,89
user-6650,75,android,14
user-6653,74,windows,23
user-6657,74,android,111
user-6661,73,macos,9
user-6662,72,android,20
user-6667,73,windows,82
user-6668,70,windows,125
user-6672,73,windows,108
user-6673,66,windows,45
user-6675,76,android,89
user-6677,68,macos,82
user-6679,71,ios,82
user-6683,75,macos,103
user-6688,66,ios,10
user-6690,67,macos,41
user-6701,69,android,122
user-6702,69,windows,81
user-6722,77,android,10
user-6723,69,macos,43
user-6724,76,macos,11
user-6729,77,macos,69
user-6730,77,ios,67
user-6736,77,macos,132
user-6751,69,android,85
user-6753,75,android,103
user-6762,75,android,40
user-6766,74,macos,1
user-6770,77,ios,114
user-6773,71,android,17
user-6781,74,macos,109
user-6784,73,android,76
user-6787,74,android,16
user-6788,77,android,33
user-6793,68,ios,81
user-6801,70,macos,85
user-6802,68,macos,86
user-6807,70,ios,85
user-6812,74,macos,109
user-6813,76,macos,50
user-6816,75,ios,33
user-6821,76,android,86
user-6828,76,windows,80
user-6831,76,ios,131
user-6832,77,windows,94
user-6835,70,macos,36
user-6838,75,android,13
user-6842,78,macos,28
user-6846,71,ios,88
user-6855,77,macos,24
user-6857,72,ios,99
user-6869,70,macos,37
user-6870,68,android,9
user-6873,75,ios,127
user-6897,71,windows,99
user-6898,76,windows,53
user-6900,69,macos,114
user-6904,77,android,41
user-6910,70,macos,92
user-6918,75,ios,29
user-6931,74,macos,53
user-6942,74,windows,20
user-6946,75,android,80
user-6947,75,ios,18
user-6950,69,windows,40
user-6960,71,windows,83
user-6961,78,windows,20
user-6964,69,ios,16
user-6969,74,android,14
user-6971,77,ios,76
user-6973,71,windows,126
user-6977,78,ios,99
user-6986,71,macos,20
user-6987,79,ios,64
user-6992,71,android,15
user-6993,73,windows,23
user-6994,79,windows,106
user-7004,70,android,72
user-7009,74,macos,123
user-7011,80,android,87
user-7019,73,windows,39
user-7024,78,ios,4
user-7027,71,android,120
user-7030,75,ios,116
user-7043,75,android,62
user-7047,77,windows,58
user-7049,72,ios,72
user-7051,76,android,96
user-7053,75,ios,123
user-7054,75,android,78
user-7064,76,windows,128
user-7066,78,ios,87
user-7067,80,ios,45
user-7072,75,android,59
user-7075,79,windows,72
user-7077,80,ios,72
user-7083,72,android,66
user-7084,74,macos,86
user-7091,71,windows,54
user-7096,71,macos,15
user-7098,80,ios,23
user-7099,73,android,88
user-7100,80,ios,49
user-7108,74,android,75
user-7110,73,ios,124
user-7115,73,macos,25
user-7116,81,windows,80
user-7127,80,android,2
user-7130,78,android,15
user-7134,71,android,53
user-7141,77,ios,4
user-7145,81,ios,21
user-7146,77,android,61
user-7147,73,windows,126
user-7152,75,android,70
user-7153,78,windows,120
user-7160,73,macos,98
user-7162,77,macos,55
user-7163,81,ios,76
user-7166,78,android,65
user-7175,78,ios,8
user-7182,77,android,70
user-7187,81,android,43
user-7197,81,macos,48
user-7198,77,android,81
user-7200,79,ios,61
user-7202,77,macos,116
user-7211,74,windows,101
user-7216,76,macos,11
user-7217,76,macos,105
user-7218,79,macos,59
user-7219,72,android,74
user-7220,73,windows,39
user-7221,76,ios,122
user-7225,82,windows,115
user-7229,79,ios,16
user-7237,82,android,13
user-7239,76,windows,125
user-7242,72,ios,124
user-7243,74,windows,54
user-7252,72,macos,11
user-7254,73,windows,127
user-7259,74,macos,9
user-7261,72,android,54
user-7264,77,windows,30
user-7265,75,android,48
user-7266,75,macos,27
user-7274,81,windows,78
user-7275,80,macos,91
user-7277,78,macos,50
user-7278,74,windows,56
user-7279,76,android,53
user-7281,74,macos,125
user-7296,81,macos,75
user-7302,77,android,47
user-7303,76,macos,62
user-7304,76,windows,86
user-7305,75,macos,112
user-7307,75,windows,35
user-7315,81,android,102
user-7317,74,windows,20
user-7321,75,macos,18
user-7330,81,windows,98
user-7337,75,ios,119
user-7341,74,windows,47
user-7342,76,macos,96
user-7349,78,macos,78
user-7350,73,ios,85
user-7353,81,windows,13
user-7361,80,macos,61
user-7362,76,ios,1
user-7363,78,windows,11
user-7370,78,macos,75
user-7374,81,windows,33
user-7376,79,android,92
user-7377,78,android,121
user-7382,82,ios,48
user-7384,80,macos,104
user-7386,82,macos,68
user-7395,83,android,127
user-7397,74,ios,61
user-7401,83,ios,69
user-7402,81,macos,103
user-7412,84,macos,19
user-7418,81,macos,90
user-7421,83,windows,83
user-7422,81,ios,81
user-7423,76,android,81
user-7424,77,windows,55
user-7455,76,windows,66
user-7457,80,macos,58
user-7465,80,windows,24
user-7466,78,macos,7
user-7467,84,ios,83
user-7469,74,ios,31
user-7470,79,windows,70
user-7475,74,windows,55
user-7476,84,windows,87
user-7484,81,macos,23
user-7493,79,android,78
user-7497,74,android,3
user-7499,80,android,85
user-7502,77,macos,33
user-7503,84,macos,29
user-7507,77,windows,119
user-7508,77,ios,71
user-7524,85,macos,125
user-7526,78,android,123
user-7528,83,ios,98
user-7529,81,windows,18
user-7530,77,android,77
user-7533,84,android,53
user-7534,82,macos,89
user-7538,83,windows,108
user-7547,85,windows,51
user-7550,75,windows,83
user-7551,84,android,8
user-7565,78,ios,56
user-7566,77,ios,12
user-7574,83,macos,118
user-7577,83,android,117
user-7581,77,macos,114
user-7587,79,ios,67
user-7590,85,windows,38
user-7599,79,ios,125
user-7602,83,macos,25
user-7613,77,macos,72
user-7615,81,android,80
user-7616,79,android,101
user-7622,78,ios,41
user-7624,86,macos,91
user-7625,79,android,37
user-7626,76,android,57
user-7628,84,windows,54
user-7632,86,android,58
user-7636,77,android,103
user-7645,81,macos,33
user-7647,77,ios,32
user-7650,84,macos,110
user-7653,80,macos,24
user-7661,81,ios,84
user-7666,86,macos,82
user-7670,79,windows,124
user-7671,84,windows,82
user-7674,78,ios,36
user-7675,77,ios,5
user-7681,79,android,99
user-7684,81,ios,9
user-7692,83,android,70
user-7693,78,ios,80
user-7701,81,ios,108
user-7702,82,windows,123
user-7708,84,macos,24
user-7709,80,macos,38
user-7712,77,windows,102
user-7717,83,ios,11
user-7733,80,macos,1
user-7738,80,macos,110
user-7743,83,windows,55
user-7745,83,android,13
user-7757,81,windows,41
user-7760,80,android,93
user-7762,84,windows,119
user-7765,83,macos,107
user-7768,84,ios,20
user-7770,80,macos,46
user-7774,85,android,34
user-7777,86,android,75
user-7779,79,macos,90
user-7780,79,windows,13
user-7782,78,ios,107
user-7789,87,windows,97
user-7792,78,macos,19
user-7794,77,android,30
user-7799,77,android,13
user-7814,83,ios,21
user-7823,84,windows,52
user-7825,82,macos,121
user-7826,83,windows,76
user-7831,82,windows,80
user-7832,85,windows,118
user-7835,80,ios,98
user-7844,86,ios,113
user-7851,81,macos,27
user-7852,87,macos,32
user-7853,85,macos,12
user-7854,78,macos,20
user-7860,78,ios,104
user-7866,80,windows,60
user-7881,78,ios,88
user-7884,87,macos,29
user-7885,87,ios,36
user-7886,84,windows,114
user-7889,84,windows,13
user-7900,86,windows,100
user-7903,84,windows,3
user-7911,89,android,104
user-7912,86,ios,38
user-7917,80,android,27
user-7919,84,ios,119
user-7920,80,android,44
user-7922,84,windows,56
user-7924,83,android,76
user-7925,87,macos,35
user-7926,88,macos,29
user-7928,85,ios,27
user-7929,82,windows,1
user-7932,79,android,65
user-7934,84,windows,76
user-7937,87,macos,111
user-7942,88,macos,108
user-7943,81,macos,5
user-7945,87,ios,43
user-7946,87,macos,40
user-7950,87,android,30
user-7955,84,windows,15
user-7961,83,ios,28
user-7962,82,macos,26
user-7963,89,android,78
user-7966,82,android,113
user-7971,87,ios,23
user-7974,89,ios,75
user-7976,81,windows,23
user-7977,83,windows,93
user-7985,89,ios,110
user-7987,81,macos,94
user-7989,81,windows,86
user-7996,85,windows,93
user-7997,79,macos,33
user-8003,88,macos,57
user-8005,90,ios,24
user-8010,90,ios,58
user-8015,90,windows,1
user-8028,80,macos,78
user-8030,84,android,79
user-8035,88,macos,93
user-8037,81,windows,3
user-8042,89,macos,16
user-8043,80,macos,46
user-8047,84,android,63
user-8048,89,android,26
user-8055,82,windows,54
user-8059,84,macos,24
user-8061,87,android,17
user-8062,90,ios,31
user-8066,84,ios,31
user-8070,90,windows,84
user-8071,88,ios,100
user-8075,88,android,80
user-8076,86,ios,46
user-8078,89,android,39
user-8080,84,windows,52
user-8082,86,ios,73
user-8089,81,windows,34
user-8090,88,ios,3
user-8097,82,windows,80
user-8099,86,ios,60
user-8104,91,android,7
user-8105,84,macos,90
user-8107,85,ios,15
user-8112,89,windows,51
user-8120,89,android,12
user-8121,85,ios,105
user-8124,86,windows,61
user-8126,88,android,87
user-8127,84,ios,20
user-8128,82,android,118
user-8132,85,macos,68
user-8134,85,android,7
user-8140,83,windows,57
user-8142,89,android,50
user-8149,88,windows,83
user-8150,91,windows,75
user-8155,83,windows,42
user-8158,83,macos,13
user-8161,91,macos,90
user-8165,84,macos,74
user-8169,88,windows,4
user-8179,86,windows,99
user-8183,82,macos,28
user-8189,85,ios,108
user-8191,86,windows,67
user-8198,86,windows,79
user-8202,83,macos,42
user-8204,88,windows,77
user-8205,85,macos,5
user-8206,92,macos,82
user-8211,87,ios,23
user-8215,84,ios,99
user-8218,91,ios,104
user-8220,82,macos,27
user-8221,87,windows,26
user-8222,82,android,53
user-8227,82,windows,71
user-8228,89,android,79
user-8231,83,android,23
user-8235,91,windows,84
user-8238,89,macos,48
user-8239,87,ios,107
user-8242,83,windows,71
user-8243,85,windows,32
user-8247,82,windows,63
user-8251,91,windows,83
user-8261,89,android,90
user-8264,85,ios,48
user-8270,88,android,114
user-8273,84,android,54
user-8278,90,android,33
user-8279,88,macos,85
user-8289,90,windows,15
user-8293,89,windows,14
user-8298,90,ios,18
user-8304,90,windows,102
user-8315,90,android,49
user-8316,86,ios,34
user-8317,87,macos,78
user-8320,92,windows,47
user-8325,88,android,87
user-8327,89,macos,62
user-8331,86,android,2
user-8332,86,android,5
user-8333,90,ios,9
user-8334,84,android,44
user-8335,87,windows,49
user-8336,91,android,60
user-8338,85,ios,58
user-8343,85,ios,66
user-8344,85,macos,63
user-8347,92,android,27
user-8349,84,android,1
user-8350,92,ios,69
user-8352,89,macos,87
user-8362,93,android,33
user-8364,85,macos,112
user-8367,89,windows,13
user-8372,91,macos,32
user-8376,88,macos,77
user-8379,83,ios,64
user-8381,91,windows,18
user-8382,90,ios,23
user-8384,91,macos,33
user-8389,92,android,7
user-8394,89,macos,24
user-8396,86,android,88
user-8397,91,ios,109
user-8400,84,windows,55
user-8401,93,macos,105
user-8407,93,macos,11
user-8408,90,ios,47
user-8412,91,windows,96
user-8418,94,macos,51
user-8419,90,android,114
user-8420,89,ios,71
user-8424,85,windows,91
user-8426,92,macos,110
user-8429,89,macos,4
user-8430,90,ios,87
user-8434,88,windows,79
user-8437,91,windows,44
user-8453,90,windows,15
user-8455,90,windows,25
user-8461,89,android,85
user-8464,87,macos,52
user-8465,90,windows,80
user-8476,84,ios,52
user-8479,87,windows,28
user-8483,94,android,110
user-8489,92,macos,8
user-8490,84,ios,85
user-8491,86,android,17
user-8495,93,macos,102
user-8496,91,android,62
user-8497,84,macos,31
user-8504,89,windows,2
user-8512,92,windows,73
user-8517,88,macos,53
user-8518,85,android,89
user-8520,95,macos,60
user-8527,88,windows,11
user-8528,88,ios,113
user-8548,85,macos,13
user-8553,90,ios,36
user-8555,88,ios,59
user-8563,90,windows,108
user-8571,92,macos,93
user-8577,89,windows,115
user-8582,88,windows,115
user-8592,88,ios,56
user-8594,88,windows,98
user-8599,89,ios,22
user-8601,87,windows,66
user-8602,87,macos,103
user-8603,90,macos,61
user-8604,96,ios,88
user-8606,89,android,45
user-8609,90,windows,10
user-8611,93,ios,51
user-8615,89,ios,13
user-8619,89,macos,8
user-8622,87,windows,47
user-8623,93,ios,38
user-8626,90,macos,104
user-8628,90,windows,71
user-8631,92,ios,61
user-8632,96,windows,90
user-8634,88,macos,88
user-8636,92,android,31
user-8639,91,ios,102
user-8643,92,macos,87
user-8646,89,windows,77
user-8652,90,macos,62
user-8653,86,ios,23
user-8656,88,windows,63
user-8676,87,macos,27
user-8677,87,macos,21
user-8679,93,macos,17
user-8681,90,windows,111
user-8688,91,android,20
user-8692,89,android,18
user-8694,88,windows,4
user-8706,97,ios,56
user-8707,87,macos,78
user-8710,94,ios,23
user-8712,97,ios,36
user-8717,90,macos,77
user-8721,92,windows,49
user-8722,97,macos,83
user-8727,87,android,2
user-8728,87,macos,44
user-8729,94,windows,86
user-8740,91,ios,108
user-8745,88,android,95
user-8748,91,macos,100
user-8758,93,macos,1
user-8760,96,macos,77
user-8761,91,ios,7
user-8762,96,macos,14
user-8764,93,macos,12
user-8769,95,macos,21
user-8770,88,macos,18
user-8773,91,ios,93
user-8774,96,ios,110
user-8785,95,ios,74
user-8790,87,macos,21
user-8791,90,ios,111
user-8797,88,ios,28
user-8800,94,macos,87
user-8813,88,macos,83
user-8818,92,windows,32
user-8821,94,windows,89
user-8827,89,ios,64
user-8834,94,android,27
user-8836,92,macos,77
user-8852,97,android,68
user-8861,93,windows,40
user-8862,89,android,43
user-8863,90,android,98
user-8864,94,macos,44
user-8865,97,ios,56
user-8866,97,android,76
user-8871,92,macos,43
user-8878,89,windows,9
user-8884,97,ios,5
user-8896,91,ios,50
user-8897,94,ios,86
user-8910,95,android,23
user-8918,93,windows,35
user-8920,98,windows,78
user-8923,97,windows,11
user-8926,92,android,76
user-8929,90,android,62
user-8930,96,macos,65
user-8931,95,android,95
user-8935,98,macos,86
user-8945,89,windows,14
user-8946,91,macos,79
user-8949,89,ios,87
user-8952,93,macos,32
user-8953,98,ios,70
user-8962,94,macos,64
user-8965,94,windows,62
user-8968,95,android,58
user-8973,96,windows,44
user-8978,94,windows,58
user-8995,97,ios,90
user-8998,99,android,18
user-9006,90,ios,34
user-9012,91,android,30
user-9017,90,android,1
user-9020,91,windows,84
user-9036,91,ios,61
user-9037,92,macos,32
user-9046,93,ios,71
user-9052,100,android,42
user-9053,93,macos,104
user-9055,91,macos,68
user-9056,91,macos,9
user-9057,94,ios,20
user-9059,91,ios,6
user-9079,100,windows,102
user-9081,92,ios,24
user-9089,91,ios,32
user-9099,100,android,3
user-9103,98,macos,100
user-9104,95,android,46
user-9106,101,windows,11
user-9107,98,android,53
user-9112,92,macos,104
user-9113,99,macos,56
user-9116,101,ios,27
user-9122,92,ios,40
user-9129,93,ios,12
user-9132,101,android,4
user-9133,94,macos,43
user-9138,93,android,63
user-9142,101,windows,17
user-9148,95,macos,93
user-9152,97,ios,61
user-9162,100,android,11
user-9164,92,ios,86
user-9172,100,windows,92
user-9179,95,macos,78
user-9181,95,windows,59
user-9184,99,android,60
user-9186,92,macos,39
user-9189,93,ios,65
user-9195,98,ios,101
user-9196,100,ios,93
user-9198,97,macos,2
user-9199,101,windows,63
user-9201,101,windows,59
user-9202,101,windows,2
user-9204,93,macos,100
user-9207,97,windows,63
user-9216,96,windows,73
user-9217,96,android,24
user-9221,93,macos,24
user-9226,101,android,71
user-9242,92,android,96
user-9249,101,ios,103
user-9256,97,ios,60
user-9259,93,android,44
user-9260,101,windows,104
user-9264,96,macos,82
user-9265,100,ios,68
user-9268,97,android,33
user-9271,93,macos,89
user-9277,93,windows,62
user-9283,96,ios,89
user-9285,97,android,3
user-9286,96,ios,87
user-9287,99,macos,99
user-9294,94,macos,55
user-9295,94,ios,105
user-9302,98,android,92
user-9305,94,ios,71
user-9318,101,ios,4
user-9325,102,ios,73
user-9326,102,ios,33
user-9335,98,windows,56
user-9338,102,android,20
user-9343,101,ios,28
user-9344,96,windows,86
user-9345,97,ios,10
user-9346,97,ios,34
user-9348,98,ios,59
user-9350,93,android,24
user-9352,99,windows,99
user-9360,96,macos,21
user-9364,98,android,45
user-9366,98,ios,89
user-9368,101,macos,61
user-9370,93,windows,80
user-9376,95,macos,75
user-9377,93,windows,43
user-9385,99,ios,58
user-9389,95,ios,72
user-9391,103,android,19
user-9398,101,ios,1
user-9399,98,macos,21
user-9405,94,ios,43
user-9406,104,windows,64
user-9410,104,android,15
user-9411,95,macos,89
user-9414,94,macos,28
user-9416,101,windows,59
user-9418,100,android,42
user-9422,95,ios,74
user-9423,102,windows,80
user-9426,104,ios,90
user-9427,100,ios,85
user-9430,94,windows,80
user-9433,101,android,17
user-9436,103,macos,40
user-9441,102,macos,92
user-9442,97,android,96
user-9444,103,macos,32
user-9449,102,android,69
user-9450,99,windows,73
user-9451,100,macos,71
user-9452,104,windows,30
user-9466,95,android,92
user-9470,98,android,23
user-9478,97,macos,96
user-9511,105,windows,53
user-9517,95,windows,58
user-9522,101,android,5
user-9528,100,macos,34
user-9533,101,windows,31
user-9537,100,android,43
user-9539,95,macos,31
user-9550,103,windows,35
user-9551,104,windows,66
user-9552,95,windows,13
user-9557,99,ios,58
user-9559,96,ios,41
user-9560,101,windows,66
user-9561,100,ios,105
user-9562,97,macos,85
user-9566,105,ios,10
user-9568,103,macos,85
user-9570,99,ios,96
user-9575,105,android,12
user-9577,102,ios,31
user-9590,100,windows,100
user-9592,102,macos,48
user-9597,96,ios,81
user-9606,100,windows,62
user-9609,101,macos,36
user-9610,97,android,42
user-9611,102,ios,69
user-9614,97,ios,65
user-9618,100,windows,41
user-9623,105,android,67
user-9628,105,macos,25
user-9630,96,windows,99
user-9633,99,macos,95
user-9638,98,macos,93
user-9640,96,android,70
user-9642,105,ios,101
user-9646,106,ios,1
user-9655,105,macos,10
user-9661,99,android,80
user-9663,100,windows,60
user-9665,96,windows,69
user-9668,104,android,97
user-9673,102,ios,66
user-9677,104,windows,97
user-9684,101,macos,21
user-9685,102,ios,100
user-9691,105,android,61
user-9692,96,macos,47
user-9697,103,windows,19
user-9704,100,android,51
user-9706,107,macos,55
user-9708,99,macos,16
user-9709,100,ios,44
user-9718,105,macos,53
user-9721,106,android,37
user-9725,103,android,18
user-9729,101,macos,75
user-9730,107,android,9
user-9735,100,android,65
user-9738,97,windows,11
user-9739,97,windows,87
user-9743,102,ios,21
user-9747,102,macos,74
user-9757,102,android,68
user-9760,98,android,96
user-9764,102,android,51
user-9766,103,macos,25
user-9768,106,windows,81
user-9770,106,windows,25
user-9771,99,ios,41
user-9772,101,macos,55
user-9776,101,ios,45
user-9779,107,ios,38
user-9781,97,android,39
user-9786,106,android,74
user-9792,105,windows,55
user-9793,105,windows,89
user-9796,105,android,63
user-9800,98,android,51
user-9802,106,windows,81
user-9808,108,ios,82
user-9812,100,android,77
user-9813,107,windows,55
user-9814,99,ios,1
user-9819,108,macos,6
user-9823,102,android,2
user-9824,108,windows,75
user-9826,106,macos,63
user-9828,100,windows,98
user-9842,108,ios,6
user-9843,106,android,66
user-9844,108,macos,15
user-9848,102,windows,99
user-9850,98,ios,88
user-9851,100,ios,93
user-9856,105,macos,83
user-9861,108,macos,20
user-9868,102,android,24
user-9870,98,android,65
user-9872,104,android,5
user-9874,99,macos,38
user-9877,101,macos,95
user-9884,107,macos,1
user-9887,105,android,65
user-9889,106,macos,42
user-9893,108,android,49
user-9900,109,macos,61
user-9901,107,windows,24
user-9905,102,ios,86
user-9907,100,macos,67
user-9913,105,windows,89
user-9916,109,windows,69
user-9925,104,android,4
user-9928,99,windows,61
user-9934,109,android,65
user-9935,106,macos,50
user-9954,109,ios,12
user-9958,101,windows,91
user-9964,109,macos,37
user-9965,107,windows,97
user-9968,102,windows,64
user-9972,102,macos,89
user-9973,108,windows,32
user-9976,106,windows,52
user-9979,102,windows,25
user-9980,106,android,9
user-9982,109,ios,93
user-9986,109,macos,14
user-9994,101,macos,61